{
  "total_files": 13,
  "total_duration_minutes": 1.773230536659108,
  "avg_duration": 8.184140938426653,
  "min_duration": 4.85297052154195,
  "max_duration": 13.165714285714285,
  "avg_rms": 0.05841572081240324,
  "avg_snr_db": 35.62488118360148
}